{"datetime": "2018-04-06 20:49:11", "name": "zhangsan", "action": "\u8d2d\u4e70\u5546\u54c1", "details": "\u8d2d\u4e70\u5546\u54c1Watch\u6210\u529f\uff0c\u5171\u8ba1\u82b1\u8d392000\u5143"}
{"datetime": "2018-04-06 20:50:49", "name": "zhangsan", "action": "\u8d2d\u4e70\u5546\u54c1", "details": "\u8d2d\u4e70\u5546\u54c1Watch\u6210\u529f\uff0c\u5171\u8ba1\u82b1\u8d392000\u5143"}
{"datetime": "2018-04-06 20:58:53", "name": "wangwu", "action": "\u8d2d\u4e70\u5546\u54c1", "details": "\u8d2d\u4e70\u5546\u54c1Watch\u6210\u529f\uff0c\u5171\u8ba1\u82b1\u8d392000\u5143"}
{"datetime": "2018-04-06 20:59:30", "name": "wangwu", "action": "\u8d2d\u4e70\u5546\u54c1", "details": "\u8d2d\u4e70\u5546\u54c1Watch\u6210\u529f\uff0c\u5171\u8ba1\u82b1\u8d392000\u5143"}
{"datetime": "2018-04-06 21:17:46", "name": "wangwu", "action": "\u8d2d\u4e70\u5546\u54c1", "details": "\u8d2d\u4e70\u5546\u54c1Coffee\u6210\u529f\uff0c\u5171\u8ba1\u82b1\u8d3931\u5143"}
{"datetime": "2018-04-06 21:36:51", "name": "lisi", "action": "\u8d2d\u4e70\u5546\u54c1", "details": "\u8d2d\u4e70\u5546\u54c1Bike\u6210\u529f\uff0c\u5171\u8ba1\u82b1\u8d39800\u5143"}
{"datetime": "2018-04-06 21:39:09", "name": "lisi", "action": "\u8d2d\u4e70\u5546\u54c1", "details": "\u8d2d\u4e70\u5546\u54c1Coffee\u6210\u529f\uff0c\u5171\u8ba1\u82b1\u8d3931\u5143"}
{"datetime": "2018-04-06 22:02:16", "name": "q2", "action": "\u8d2d\u4e70\u5546\u54c1", "details": "\u8d2d\u4e70\u5546\u54c1Coffee\u6210\u529f\uff0c\u5171\u8ba1\u82b1\u8d3931\u5143"}
{"datetime": "2018-04-06 22:12:30", "name": "q2", "action": "\u8d2d\u4e70\u5546\u54c1", "details": "\u8d2d\u4e70\u5546\u54c1Coffee\u6210\u529f\uff0c\u5171\u8ba1\u82b1\u8d3931\u5143"}
